,Unnamed: 0,"Boca, Florin P.","Baryshnikov, Yuliy","Ahlgren, Scott","Albin, Pierre","Balogh, József","Biswas, Indranil","Barthel, Tobias","Bronski, Jared C.","Cooney, Daniel B.","Dey, Partha S.","Nijholt, Eddie","Di Francesco, Philippe","Cautis, Sabin","Dutta, S. P.","Erdoğan, M. Burak","Bellini, Fabio","Loja Fernandes, Rui","Ford, Kevin","Duursma, Iwan","Balaji, Vikraman","Gepner, David","Guzman, R. K.","Hinkkanen, Aimo","Choi, Beomjun","Wang, Minmiao","Feng, Runhuan","Hur, Vera Mikyoung","Ivanov, S. V.","Dunfield, Nathan M.","Kerman, Ely","Clader, Emily","Kirkpatrick, Kay","Lee, Kiryung","Kirr, E.","Katz, Sheldon","Kim, Jaehoon","Fan, Cunwei","Freitas, Pedro","Berwick-Evans, Daniel","Chen, Xuezhi","Ford, K.","Leditzky, Felix","Bauer, Kristine","Lam, Yeuk Hay Joshua","Yu, Haizi","Berg, I. D.","Quan, Zhiyu","Helemskii, A. Ya.","Rapti, Z.","Pascaleff, James","Hanselman, Jonathan","Rasmussen, Sarah Dean","Bergner, Julia E.","Matusevich, Laura Felicia","Matin, Hossein Nick Zinat","Panidapu, Apoorva","Ren, Yan-Xia","Beaudry, Agnès","Jang, Donghoon","Chrontsios Garitsis, Efstathios K.","Tumanov, Alexander","Chi, Yichun","Wu, Xuan","Hodges, Reuven","Lucia, Angelo","Erdoğan, M. B.","Wayne, C. E.","Basak, Debmalya"
0,"Boca, Florin P.",0.09877266443385894,8.317217058800408,2.7635969880743443,24.82958253115391,20.766604438970642,17.460709386373633,13.120529661757084,12.726945683422228,11.26873233699471,17.921098048550395,11.925742889385512,16.251658637400613,6.280864950403639,12.14644075309062,8.35770599772376,7.864115622162137,21.808466447096063,1.4323825390078961,6.944188571858192,9.74826231894799,19.52365389918993,4.556921874010672,19.78220352082317,13.429158235495388,14.90880070621781,7.385348998756863,13.404781892937462,19.235169115315887,13.214705450646289,17.431523955515075,17.63478926258016,17.576957688523454,3.3193216283153215,6.521101624124621,26.275791158385726,36.78344624451233,14.736486288747344,5.747924398799035,19.601582708877295,6.714579117747694,23.723681008330637,19.52365389918993,11.494621074390336,12.52083680262509,7.263475795221641,7.242484417166896,3.314281186891387,7.328570296722846,6.994537759034365,6.676342998648343,20.23914003206266,9.369666325028804,17.373003296123365,4.444632595866091,17.605897652681968,2.469562910264371,9.095914695158562,17.835696654826616,19.445407656600377,7.3328793609963006,16.867226544138234,9.146042053219235,11.890118089681613,27.846080982763795,7.789309354682567,9.55128770747366,8.788478844261727,0.21981351812034336
1,"Baryshnikov, Yuliy",8.317217058800408,0.08104398022865078,22.079176962019115,2.254543962598025,6.917268322560941,4.357777610949499,6.545465359590722,8.47476414142294,11.239133394419069,2.981916517662459,2.3821886836195385,8.111029847412487,12.532130958231637,12.116841810514979,4.17391984176594,7.834516679586497,2.722358438065053,30.05043437659018,6.934322257666313,9.71866337637235,9.747027478307146,1.5091076438116773,6.58420152608251,4.466519764306582,3.7198004409105425,7.355750056181223,6.6949912108248215,19.20557017274025,8.799937319572313,2.4859892875627767,8.80259516000226,5.849119581982605,6.160226032217649,6.506302152836801,6.561548053952522,18.376923650968344,7.3534436730858515,2.2084633116476566,2.446497970787707,6.699779646459874,23.694082065754998,9.747027478307146,11.465022131814695,12.491237860049448,7.248676323933821,2.4042951581970855,3.2846822443157473,29.284682244315746,4.653158858497696,4.441029018240348,6.736513696495674,9.340067382453164,17.343404353547726,17.748931440888725,1.5978453372823935,19.726904339539328,3.635405983805861,8.903048856125489,3.8831617428049476,2.2539937308776588,2.1047034501953243,9.116443110643594,5.930259573552986,2.5287710945625594,7.774509883394747,9.536488236185841,0.43868396864869535,7.248912940875392
2,"Ahlgren, Scott",2.7635969880743443,22.079176962019115,0.09157350721724104,24.817912492796815,41.52153883958419,17.449039348016537,4.369619874466662,25.44222132848736,11.25706229863761,17.9094280101933,23.83981574041393,8.119994299521759,12.550059862450178,12.13477071473352,12.530723977407092,7.852445583805038,21.796796408738967,2.312951021600671,6.940298559072494,9.73659228059089,19.511983860832835,4.545251835653573,19.770533482466075,13.417488197138288,14.897130667860711,7.373678960399764,26.79789374751783,19.22349907695879,3.7739629804193546,17.41985391715798,17.623119224223064,8.782643825083179,43.13951112974208,13.030533209892143,8.754707040009544,36.77177620615523,14.724816250390244,28.72795195563808,9.7949563352601,4.472496065712763,23.71201096997354,19.511983860832835,11.482951036033237,2.0848611273779984,14.515281552086183,7.230814378809797,3.302611148534288,29.30261114853429,13.977405479711631,13.341015958939586,20.227469993705565,9.357996286671705,5.787111085922089,8.883430172553634,17.594227614324872,0.7051726158484953,36.37198874227715,4.45600665411738,9.71686880912164,29.319847405628106,16.855556505781138,9.134372014862135,5.939224025662257,13.91720547220335,15.566948671008035,19.090905376590225,17.565287650166358,0.596046665061245
3,"Albin, Pierre",24.82958253115391,2.254543962598025,24.817912492796815,0.08144618386798182,41.50431546911333,3.486363195509136,1.636454531616141,12.71249897900825,11.239838928166753,17.89220463972244,11.911296184971535,16.22276522857266,12.532836491979321,12.117547344262663,6.261056146085831,7.8352222133341805,4.355914607653622,30.051139910337863,20.803672306746623,3.239789636706678,19.494760490361976,4.528028465182715,6.5844367039984055,4.466754942222477,4.959969099129951,7.356455589928906,6.695167594261743,9.603137853243966,2.933390832496069,2.4860900780981603,4.401473963438051,8.77403213984775,8.624457551854245,13.013309839421286,13.123448874778886,36.75455283568437,2.101084697131341,5.742145717033444,2.174743255561038,13.400264826667431,23.694787599502682,19.494760490361976,11.46572766556238,12.491943393797133,7.249029090807663,7.213591008338939,3.2853877780634306,14.642693889031715,13.960182109240774,13.323792588468729,6.736748874411568,9.340772916200848,5.781369962431803,17.74963697463641,5.859001414618004,19.72760987328701,18.177382685903147,17.806803245998662,1.9416514247772423,3.662828004394656,5.612777711770093,9.117148644391278,11.861224680853656,27.81718757393584,15.549725300537178,19.073682006119366,8.77403213984775,10.873545794750008
4,"Balogh, József",20.766604438970642,6.917268322560941,41.52153883958419,41.50431546911333,0.04849285610711753,17.36663913496711,13.026459410350558,5.071964223087586,11.174662085588183,1.782702779714387,3.3939165039092143,16.15758838599409,12.467659649400751,12.052370501684093,8.32634924725492,7.770045370755611,21.714396195689538,1.4992981533879646,10.369247732084027,9.654192067541464,19.429583647783407,4.462851622604146,19.688133269416646,13.335087984088862,14.814730454811285,7.291278747350336,26.7154935344684,3.8282197727818725,6.583835162471513,17.33745370410855,17.540719011173636,5.827629145705643,10.764277729173163,6.474066498421358,26.1817209069792,0.12918794363769648,14.642416037340817,9.548517247529551,19.50751245747077,4.44502932802962,2.953701344615514,19.429583647783407,11.40055082298381,12.426766551218563,14.432881339036756,7.14841416576037,3.220210935484861,9.740070311828287,13.895005266662205,13.25861574589016,20.145069780656137,9.275596073622278,17.27893304471684,5.89482004401928,3.5023654802550888,19.662433030708442,12.096529509742574,17.741626403420092,19.351337405193853,29.237447192578678,16.77315629273171,4.525985900906354,5.898023919137543,1.8501340487571514,7.742274228979304,19.008505163540796,17.48288743711693,4.825445148491273
5,"Biswas, Indranil",17.460709386373633,4.357777610949499,17.449039348016537,3.486363195509136,17.36663913496711,0.11624697084394744,13.147198575091444,25.480560280178818,11.29540125032907,17.947766961884756,11.939077346052693,16.278327550734975,12.588398814141637,12.17310966642498,25.099786906505642,7.890784535496498,7.278378453476808,30.10670223250018,10.42961731445447,4.887465616141175,9.775161406262146,4.583590787345033,9.904436217078766,13.455827148829748,14.93546961955217,7.4120179120912235,26.836232699209287,19.26183802865025,8.818693271542314,17.458192868849437,17.66145817591452,17.603626601857815,21.58892504071677,13.068872161583602,2.630246007172009,36.81011515784669,1.6403505780090781,28.766290907329537,3.2713752703686096,13.455827148829748,23.750349921665,19.550322812524293,11.521289987724696,12.54750571595945,14.553620503777642,7.269153330501257,3.340950100225748,29.340950100225747,14.01574443140309,6.689677455315523,5.066452236349256,9.396335238363164,17.399672209457727,17.805199296798726,17.63256656601633,19.78317219544933,36.41032769396861,8.93118278408049,3.2453460949891233,29.358186357319564,16.893895457472595,9.172710966553595,5.958393501507986,6.968187474024539,15.605287622699494,19.129244328281683,17.603626601857815,21.774872750581174
6,"Barthel, Tobias",13.120529661757084,6.545465359590722,4.369619874466662,1.636454531616141,13.026459410350558,13.147198575091444,0.15522725424079634,25.533599081117554,11.348440051267804,18.000805762823493,23.931193493044123,16.33136635167371,12.641437615080372,12.226148467363714,25.15282570744438,7.943823336435233,2.43201935126324,30.159741033438916,20.912273429847676,4.9139850166105425,19.60336161346303,4.636629588283768,19.86191123509627,13.508865949768483,14.988508420490906,7.465056713029958,26.889271500148023,19.314876829588986,26.509118615565676,17.511231669788174,17.71449697685326,17.656665402796552,43.23088888237228,13.121910962522337,6.588874718164706,36.863153958785425,7.408097001510219,28.819329708268274,0.9840645211575196,13.508865949768483,23.803388722603735,19.60336161346303,11.574328788663431,12.600544516898184,14.606659304716377,7.322192131439992,3.3939889011644824,29.393988901164484,14.068783232341826,13.43239371156978,20.31884774633576,9.4493740393019,1.0266300594350861,17.858238097737463,17.685605366955066,19.836210996388065,36.46336649490735,2.9859007281832857,2.789302195839068,29.4112251582583,16.946934258411332,9.22574976749233,11.969825803954707,27.925788697036893,15.65832642363823,19.18228312922042,17.656665402796552,43.602784302101085
7,"Bronski, Jared C.",12.726945683422228,8.47476414142294,25.44222132848736,12.71249897900825,5.071964223087586,25.480560280178818,25.533599081117554,0.07943004796193703,5.618142259622667,5.962883410267007,0.17909051098512518,16.219210819651238,12.529282083057902,12.113992935341244,0.9274322287193298,7.831667804412761,7.2586728764488955,30.047585501416442,5.200029474456301,9.715814501198615,19.491206081440556,4.524474056261296,9.874877851536898,13.396710417746013,4.9587842961561455,7.3529011810074865,0.29425402162775327,9.601360648783256,26.396963083543202,17.3990761377657,17.602341444830785,5.848169956924693,14.37291111678327,0.7652797312058746,26.24334334063635,18.375499213381477,14.704038470997968,3.588396772030725,4.89228372278198,13.396710417746013,23.69123319058126,9.745603040720278,11.46217325664096,12.488388984875714,14.494503772693907,7.21003659941752,3.281833369142011,14.640916684571005,0.16042100804964776,6.660119089773655,6.735564071437762,9.33721850727943,17.34055547837399,8.873041282857494,8.786724917466296,9.862027732182796,7.270242192576975,17.80324883707724,9.706479919425501,7.324767406558957,8.41738936319443,9.11359423546986,11.857670271932237,5.5627266330028835,7.7730854458078795,2.1189030663553274,1.5949554427976436,6.212946967154088
8,"Cooney, Daniel B.",11.26873233699471,11.239133394419069,11.25706229863761,11.239838928166753,11.174662085588183,11.29540125032907,11.348440051267804,5.618142259622667,0.18106530826617062,18.032334556080958,5.990680571575397,16.362895144931176,12.672966408337839,12.25767726062118,25.184354500701843,7.975352129692698,21.919702954626626,30.19126982669638,20.94380222310514,9.859498826478552,19.634890406720494,4.668158381541233,19.893440028353734,13.54039474302595,15.020037213748372,7.496585506287424,26.920800293405488,19.34640562284645,26.54064740882314,17.54276046304564,17.746025770110723,17.688194196054017,43.26241767562974,13.153439755779804,26.38702766591629,36.89468275204289,7.4238613981389525,9.616952833841912,19.71281921640786,13.54039474302595,23.8349175158612,19.634890406720494,11.605857581920898,12.63207331015565,14.638188097973844,7.353720924697457,3.4255176944219485,29.42551769442195,14.100312025599292,13.463922504827247,20.350376539593224,9.480902832559366,17.484239803653928,17.889766890994927,17.71713416021253,19.86773978964553,12.164965096054937,17.94693316235718,19.55664416413094,29.442753951515765,16.978463051668797,9.257278560749796,12.001354597212174,27.957317490294358,15.689855216895696,19.213811922477884,17.688194196054017,43.63431309535855
9,"Dey, Partha S.",17.921098048550395,2.981916517662459,17.9094280101933,17.89220463972244,1.782702779714387,17.947766961884756,18.000805762823493,5.962883410267007,18.032334556080958,0.11322711808140842,4.774739393271399,8.136934912493292,12.583941088393246,12.168651940676588,25.09532918075725,7.8863268097481045,21.830677634682033,7.525561126687947,10.427388451580274,9.770473506533959,19.5458650867759,4.5791330615966395,19.80441470840914,13.451369423081356,14.93101189380378,7.40756018634283,26.831774973460895,19.257380302901858,26.451622088878548,17.453735143101046,17.65700045016613,2.5141669823013464,8.634678471137029,13.06441443583521,26.298002345971696,12.268552477366098,14.758697476333312,28.761833181581146,19.623793896463265,13.451369423081356,11.872946097958303,9.77293254338795,11.516832261976305,6.271523995105529,14.54916277802925,7.2646956047528635,3.3364923744773547,14.668246187238678,14.0112867056547,13.374897184882654,20.26135121964863,9.391877512614773,17.395214483709335,17.800741571050334,5.876036280089313,19.778714469700937,3.3096245425654742,17.857907842412587,19.467618844186347,14.676864315785586,16.889437731724204,9.168253240805203,1.1912329277267582,9.289430723449922,15.600829896951103,19.12478660253329,17.599168876109424,43.545287775413954
10,"Nijholt, Eddie",11.925742889385512,2.3821886836195385,23.83981574041393,11.911296184971535,3.3939165039092143,11.939077346052693,23.931193493044123,0.17909051098512518,5.990680571575397,4.774739393271399,0.08481875528605276,16.22861404725842,12.538685310665084,12.123396162948426,4.175012233838181,3.920535516009972,10.892710928476935,15.028494364511813,10.404760562716193,9.725217728805797,19.50060930904774,4.533877283868479,3.9518317861361956,13.406113645353194,4.961918705358539,7.36230440861467,5.357303839146547,19.212124525173696,26.406366311150386,17.408479365372884,17.61174467243797,3.5107826196762524,21.564068288978493,4.339719552702349,26.252746568243534,9.190100413592534,14.71344169860515,3.589572175481623,0.2837469292570305,13.406113645353194,23.700636418188445,9.75030465452387,11.471576484248143,12.497792212482896,14.503907000301089,7.219439827024703,3.291236596749194,29.291236596749194,0.5371550356894822,13.329641407154492,6.738698480640156,9.346621734886611,17.349958705981173,8.877742896661086,1.1721902041693184,19.733458691972775,3.6360614190492058,17.812652064684425,19.422363066458185,29.30847285384301,8.422090976998021,9.122997463077041,11.86707349953942,6.955759098155401,15.55557411922294,3.8159061649610257,1.9504347887090292,14.500010665895266
11,"Di Francesco, Philippe",16.251658637400613,8.111029847412487,8.119994299521759,16.22276522857266,16.15758838599409,16.278327550734975,16.33136635167371,16.219210819651238,16.362895144931176,8.136934912493292,16.22861404725842,0.12499903882752336,12.601000745203399,12.18571159748674,25.112388837567405,7.903386466558258,21.847737291492187,30.119304163561942,20.871836559970703,9.787533163344111,19.562924743586056,4.596192718406793,19.821474365219295,13.468429079891509,14.948071550613932,7.424619843152984,26.84883463027105,19.274439959712012,26.468681745688702,17.4707947999112,17.674060106976285,17.61622853291958,21.59522600624765,13.081474092645363,13.157531001390925,36.82271708890845,14.775757133143465,28.7788928383913,19.64085355327342,13.468429079891509,23.76295185272676,19.562924743586056,11.533891918786457,12.56010764702121,14.566222434839403,7.281755261563017,3.3535520312875082,29.35355203128751,14.028346362464852,4.463985613897602,3.3797351460764644,9.408937169424926,17.41227414051949,8.908900613930244,17.645168497078092,19.79577412651109,36.42292962503037,17.87496749922274,19.484678500996502,29.370788288381327,16.90649738853436,9.185312897615356,5.964694467038867,5.577070365431984,7.808944776880628,19.141846259343446,17.61622853291958,43.56234743222411
12,"Cautis, Sabin",6.280864950403639,12.532130958231637,12.550059862450178,12.532836491979321,12.467659649400751,12.588398814141637,12.641437615080372,12.529282083057902,12.672966408337839,12.583941088393246,12.538685310665084,12.601000745203399,0.16221786376047537,1.747846050664257,25.16159959473046,7.952597223721316,7.2989826828850815,30.168514920725,6.973682439044587,3.2789146401690563,4.903033875187278,4.645403475569851,19.87068512238235,13.517639837054567,14.99728230777699,7.473830600316042,26.898045387434106,19.32365071687507,26.51789250285176,17.520005557074256,5.907756954713114,17.665439290082634,43.23966276965836,13.130684849808421,4.394045459990818,36.87192784607151,4.941655963435507,28.828103595554357,9.845032155218238,13.517639837054567,23.812162609889818,19.612135500749112,5.791551337974758,12.609318404184268,14.615433192002461,7.330966018726075,3.402762788450566,29.402762788450566,14.07755711962791,6.720583799427932,3.387936938936974,9.458147926587984,8.730742448841273,17.867011985023545,17.69437925424115,19.844984883674147,36.47214038219343,4.481044564096449,9.766944629079779,29.419999045544383,16.955708145697415,9.234523654778414,11.978599691240792,3.491820323040372,15.667100310924313,19.1910570165065,17.665439290082634,14.537186063129056
13,"Dutta, S. P.",12.14644075309062,12.116841810514979,12.13477071473352,12.117547344262663,12.052370501684093,12.17310966642498,12.226148467363714,12.113992935341244,12.25767726062118,12.168651940676588,12.123396162948426,12.18571159748674,1.747846050664257,0.16783205058438627,25.168509908380077,7.959507537370932,21.90385836230486,30.175425234374615,10.463978815391688,3.281218078052262,6.539681938132909,4.652313789219467,19.877595436031967,13.524550150704183,15.004192621426606,7.480740913965658,26.904955701083722,19.330561030524684,26.524802816501374,17.526915870723872,8.865090588894478,17.67234960373225,43.24657308330797,13.137595163458037,5.274236614718904,36.87883815972112,7.415939101978069,28.835013909203973,19.696974624086092,13.524550150704183,23.819072923539434,19.619045814398728,5.795006494799566,12.616228717833884,14.622343505652077,7.337876332375691,3.4096731021001823,29.409673102100182,14.084467433277526,6.72403895625274,10.167265973635729,9.4650582402376,8.73419760566608,17.87392229867316,17.701289567890765,19.851895197323763,36.47905069584304,5.977029523345138,19.540799571809174,29.426909359194,16.96261845934703,9.24143396842803,11.985510004890408,6.985368224493148,15.67401062457393,19.197967330156118,17.67234960373225,10.904617125759195
14,"Erdoğan, M. Burak",8.35770599772376,4.17391984176594,12.530723977407092,6.261056146085831,8.32634924725492,25.099786906505642,25.15282570744438,0.9274322287193298,25.184354500701843,25.09532918075725,4.175012233838181,25.112388837567405,25.16159959473046,25.168509908380077,0.08064767689341985,7.833819781536046,21.778170606469974,2.504144789878311,10.401134937474245,9.717966478321898,19.493358058563842,4.526626033384581,9.875953840098541,13.398862394869296,14.878504865591719,7.355053158130771,1.1643159976195145,19.2048732746898,26.39911506066649,17.401228114888987,17.60449342195407,2.1933327309871706,4.312088532747309,0.3827031590477397,26.245495317759637,18.37657520194312,14.706190448121252,3.1899251281521206,9.785643434125603,0.5359544957947718,5.923346291926137,19.493358058563842,11.464325233764244,12.490540961998997,14.49665574981719,7.212188576540805,3.2839853462652955,5.8567970692530595,1.5509755197158488,13.322390156670593,20.208844191436572,9.339370484402712,17.342707455497276,8.874117271419138,5.85853393735196,4.9315518603722195,6.058893823334693,17.805400814200528,19.41511181597429,2.9301221603359116,5.612310234504048,9.115746212593143,11.85982224905552,27.815785142137706,7.774161434369521,0.09780656191959607,0.29740104826944685,6.213254392457414
15,"Bellini, Fabio",7.864115622162137,7.834516679586497,7.852445583805038,7.8352222133341805,7.770045370755611,7.890784535496498,7.943823336435233,7.831667804412761,7.975352129692698,7.8863268097481045,3.920535516009972,7.903386466558258,7.952597223721316,7.959507537370932,7.833819781536046,0.26033911845761204,22.00441963621007,30.275986508279825,21.028518904688585,9.944215508061996,19.71960708830394,4.7528750631246774,19.978156709937178,13.625111424609393,15.104753895331816,7.581302187870868,27.005516974988932,19.431122304429895,26.625364090406585,17.627477144629083,17.830742451694167,17.77291087763746,43.347134357213186,13.238156437363248,26.471744347499733,36.979399433626334,14.93243947786135,28.935575183109183,19.797535897991303,13.625111424609393,23.919634197444644,19.71960708830394,11.690574263504342,12.716789991739095,14.722904779557288,7.4384376062809014,3.5102343760053922,29.510234376005393,14.185028707182736,13.548639186410691,20.43509322117667,9.56561951414281,17.568956485237372,17.97448357257837,4.450462710448994,19.952456471228974,36.57961196974826,18.031649843940624,19.641360845714384,29.52747063309921,17.06317973325224,3.11399841411108,6.043035639397809,28.042034171877802,15.77457189847914,19.298528604061328,17.77291087763746,43.719029776941994
16,"Loja Fernandes, Rui",21.808466447096063,2.722358438065053,21.796796408738967,4.355914607653622,21.714396195689538,7.278378453476808,2.43201935126324,7.2586728764488955,21.919702954626626,21.830677634682033,10.892710928476935,21.847737291492187,7.2989826828850815,21.90385836230486,21.778170606469974,22.00441963621007,0.09284745252788197,30.070460931832113,10.411496664120437,9.738689931614282,6.504693837285409,4.547349486676964,9.886315566744733,13.41958584816168,7.449614159442051,7.375776611423155,8.933330466180406,19.225596727982182,26.419838513958872,2.1777439460226713,17.625216875246455,17.56738530118975,43.14160878076547,6.516315430457767,8.75540625701734,36.77387385717862,2.945382780282727,9.57668320222049,0.5023592390139382,13.41958584816168,23.71410862099693,19.514081511856226,5.742524343528314,6.25563220764569,7.258689601554787,7.232912029833188,3.3047087995576794,29.30470879955768,4.659834376911674,2.6686227219925955,20.229567644728956,9.360093937695096,17.36343090878966,17.76895799613066,5.865441755116088,19.74693089478126,36.374086393300544,8.913062133746456,0.8450363160550727,5.864389011330299,5.6192180522681765,9.136469665885526,11.880545702347904,13.918254297715045,15.569046322031426,19.093003027613616,5.855795100396583,43.51350420049428
17,"Ford, Kevin",1.4323825390078961,30.05043437659018,2.312951021600671,30.051139910337863,1.4992981533879646,30.10670223250018,30.159741033438916,30.047585501416442,30.19126982669638,7.525561126687947,15.028494364511813,30.119304163561942,30.168514920725,30.175425234374615,2.504144789878311,30.275986508279825,30.070460931832113,0.0671155628687135,6.925783747925164,9.6930478471489,19.468439427390845,4.501707402211582,9.863494524512042,13.373943763696298,14.85358623441872,7.330134526957773,26.75434931407584,9.5899773217584,5.2748392858986985,8.688154741857995,17.579574790781074,17.521743216724367,6.156566670900013,12.986988776450152,26.22057668658664,3.3389301611557487,14.681271816948254,28.68440752219609,19.54636823707821,1.6717429704620372,0.4830299293169704,9.734219713695422,11.439406602591246,4.155207443608666,14.471737118644192,7.187269945367806,3.259066715092297,9.7530222383641,13.93386104626964,13.297471525497595,20.183925560263575,9.314451853229714,17.31778882432428,2.5319022730950396,17.55068318088288,0.4104435168815808,9.08211107720879,17.78048218302753,19.39019318480129,7.319075743046529,16.812012072339147,9.090827581420145,2.9587259044706307,13.895433255482354,15.523404237566044,6.349120314382745,8.760871608362184,0.22177480671443314
18,"Duursma, Iwan",6.944188571858192,6.934322257666313,6.940298559072494,20.803672306746623,10.369247732084027,10.42961731445447,20.912273429847676,5.200029474456301,20.94380222310514,10.427388451580274,10.404760562716193,20.871836559970703,6.973682439044587,10.463978815391688,10.401134937474245,21.028518904688585,10.411496664120437,6.925783747925164,0.09724305463830897,4.872909659341396,6.507070299641577,4.554478873745472,19.77976052055797,13.426715235230189,14.906357705952612,7.382905998491663,26.807120785609726,19.23272611505069,8.808989300342459,17.429080955249876,8.81617313115748,17.574514688258255,21.57436908391699,13.039760247984043,6.568337039530132,9.195250811061783,4.911347762827382,28.737178993729977,19.599139708612096,13.426715235230189,11.860619004032719,3.2535351498207885,3.830726024708379,2.503678760471978,14.524508590178083,7.240041416901696,3.3118381866261877,29.311838186626186,6.993316258901766,4.4500809990104955,10.118348515898731,9.367223324763605,5.790186765286055,8.888043691599583,17.60345465241677,4.938515070462442,7.276243156073811,2.972208942426903,19.442964656335178,14.664537221860002,16.864783543873035,9.143599052954036,3.9625583631388044,6.960909495624649,15.576175709099935,19.100132414682122,17.574514688258255,4.8356259541736435
19,"Balaji, Vikraman",9.74826231894799,9.71866337637235,9.73659228059089,3.239789636706678,9.654192067541464,4.887465616141175,4.9139850166105425,9.715814501198615,9.859498826478552,9.770473506533959,9.725217728805797,9.787533163344111,3.2789146401690563,3.281218078052262,9.717966478321898,9.944215508061996,9.738689931614282,9.6930478471489,4.872909659341396,0.2096440251568134,19.667241716662037,4.700509691482774,19.925791338295276,13.57274605296749,15.052388523689913,7.528936816228965,26.95315160334703,19.378756932787994,26.572998718764683,17.57511177298718,8.889188540026133,17.72054550599556,43.29476898557128,13.185791065721345,13.209689487928916,36.92703406198443,7.440037053109723,28.88320981146728,19.7451705263494,13.57274605296749,23.867268825802743,19.667241716662037,11.638208891862439,12.664424620097192,14.670539407915385,3.693036117319499,3.4578690043634897,29.45786900436349,14.132663335540833,6.748136907384394,20.382727849534767,9.513254142500907,17.51659111359547,17.92211820093647,17.749485470154074,19.900091099587073,36.52724659810635,5.9930948240995745,6.529665158024161,29.47510526145731,17.01081436161034,9.289629870691337,12.033705907153715,4.664944800039317,15.722206526837237,19.246163232419427,17.72054550599556,14.555554801766696
20,"Gepner, David",19.52365389918993,9.747027478307146,19.511983860832835,19.494760490361976,19.429583647783407,9.775161406262146,19.60336161346303,19.491206081440556,19.634890406720494,19.5458650867759,19.50060930904774,19.562924743586056,4.903033875187278,6.539681938132909,19.493358058563842,19.71960708830394,6.504693837285409,19.468439427390845,6.507070299641577,19.667241716662037,0.10383444709350566,4.564874215935741,19.79015586274824,13.437110577420457,14.91675304814288,7.393301340681932,26.817516127799994,19.243121457240957,13.218681621608823,17.439476297440144,8.821370802252614,17.584910030448523,43.15913351002425,13.050155590174311,6.570935875077699,36.791398586437396,14.744438630672413,28.747574335920245,4.902383762700591,13.437110577420457,23.731633350255706,19.531606241115,0.8848133397165696,6.264394572275079,14.534903932368351,7.250436759091965,3.3222335288164557,29.322233528816454,13.9970278599938,4.4535461130739185,5.0617730934969325,9.377618666953873,0.8276645541927825,8.893241362694717,17.613849994607037,19.764455624040036,36.39161112255932,0.41496858131980663,9.726679999262723,29.33946978591027,16.875178886063303,9.153994395144304,11.898070431606682,13.927016662344432,15.586571051290203,19.11052775687239,17.584910030448523,10.882757232438264
21,"Guzman, R. K.",4.556921874010672,1.5091076438116773,4.545251835653573,4.528028465182715,4.462851622604146,4.583590787345033,4.636629588283768,4.524474056261296,4.668158381541233,4.5791330615966395,4.533877283868479,4.596192718406793,4.645403475569851,4.652313789219467,4.526626033384581,4.7528750631246774,4.547349486676964,4.501707402211582,4.554478873745472,4.700509691482774,4.564874215935741,0.44659375653887207,20.136199040497914,6.891576877585065,15.262796225892552,7.739344518431604,27.16355930554967,4.897291158747658,8.92780214032244,17.78551947518982,17.988784782254903,17.930953208198197,43.505176687773925,13.396198767923984,26.62978667806047,37.13744176418707,15.090481808422085,29.09361751366992,19.95557822855204,13.78315375517013,24.07767652800538,19.877649418864674,11.848616594065078,12.87483232229983,7.440473555059012,7.596479936841638,3.668276706566129,29.66827670656613,14.343071037743472,13.706681516971427,20.593135551737404,9.723661844703546,17.726998815798108,18.132525903139108,17.95989317235671,20.11049880178971,36.737654300308996,18.18969217450136,19.79940317627512,14.842756481829973,17.221222063812977,9.500037572893977,12.244113609356354,14.100038251219269,15.932614229039876,19.456570934622064,17.930953208198197,43.877072107502734
22,"Hinkkanen, Aimo",19.78220352082317,6.58420152608251,19.770533482466075,6.5844367039984055,19.688133269416646,9.904436217078766,19.86191123509627,9.874877851536898,19.893440028353734,19.80441470840914,3.9518317861361956,19.821474365219295,19.87068512238235,19.877595436031967,9.875953840098541,19.978156709937178,9.886315566744733,9.863494524512042,19.77976052055797,19.925791338295276,19.79015586274824,20.136199040497914,0.10246274912595676,13.434975079097718,14.914617549820141,7.391165842359193,8.938460209825752,4.810246489729555,4.405871290815818,17.437340799117408,17.640606106182492,17.582774532125786,3.319769077823193,13.048020091851573,13.140804000994029,36.78926308811466,7.371151566174837,2.613221712508864,19.607399552479627,6.717487539548859,23.72949785193297,19.529470742792263,11.500437917992667,6.26332682311371,2.4221280723409353,7.248301260769226,3.320098030493717,14.660049015246859,13.994892361671061,13.358502840899016,20.244956875664993,9.375483168631135,17.378820139725697,5.9281157423555655,8.80585724814215,19.7623201257173,12.129825208078861,17.84151349842895,19.45122450020271,1.086567936577316,3.374608677548113,9.151858896821565,11.895934933283943,27.851897826366127,15.584435552967465,9.554196129274827,5.860924844041929,14.509631143810106
23,"Choi, Beomjun",13.429158235495388,4.466519764306582,13.417488197138288,4.466754942222477,13.335087984088862,13.455827148829748,13.508865949768483,13.396710417746013,13.54039474302595,13.451369423081356,13.406113645353194,13.468429079891509,13.517639837054567,13.524550150704183,13.398862394869296,13.625111424609393,13.41958584816168,13.373943763696298,13.426715235230189,13.57274605296749,13.437110577420457,6.891576877585065,13.434975079097718,0.15161707570640462,14.98389989339066,7.460448185929712,26.884662973047774,19.310268302488737,13.252255044232713,17.506623142687925,17.70988844975301,17.652056875696303,43.22628035527203,13.117302435422092,26.350890345558575,36.85854543168518,14.811585475920193,14.407360590584013,9.838340948025072,13.504257422668237,23.798780195503486,19.59875308636278,11.569720261563186,12.595935989797939,14.602050777616132,7.317583604339745,3.3893803740642365,29.389380374064235,14.06417470524158,13.427785184469535,20.31423921923551,9.444765512201654,17.448102483296214,17.853629570637214,17.680996839854817,19.831602469287816,18.22937898390355,17.910795841999466,19.520506843773227,5.881323326231611,16.942325731311083,9.221141240392084,11.965217276854462,13.960590084968322,15.653717896537984,9.588837301060085,17.652056875696303,43.59817577500084
24,"Wang, Minmiao",14.90880070621781,3.7198004409105425,14.897130667860711,4.959969099129951,14.814730454811285,14.93546961955217,14.988508420490906,4.9587842961561455,15.020037213748372,14.93101189380378,4.961918705358539,14.948071550613932,14.99728230777699,15.004192621426606,14.878504865591719,15.104753895331816,7.449614159442051,14.85358623441872,14.906357705952612,15.052388523689913,14.91675304814288,15.262796225892552,14.914617549820141,14.98389989339066,0.13639737868529367,7.440387969297064,13.432301378207564,9.645104042928045,6.621112467958195,5.828854308685092,8.844914116560181,17.631996659063656,43.20622013863938,13.097242218789445,26.33083012892593,18.419242607526265,14.791525259287546,14.397330482267689,9.828310839708749,13.48419720603559,23.77871997887084,19.578692869730133,11.549660044930539,12.575875773165292,7.290995280491742,7.2975233877070975,3.3693201574315887,29.369320157431588,7.022057244304467,13.407724967836888,20.294179002602863,9.424705295569007,17.428042266663567,17.833569354004567,17.66093662322217,19.81154225265517,36.43869775117445,17.89073562536682,9.75022331357029,14.693278207262702,16.922265514678436,9.201081023759437,11.945157060221815,9.300373317767999,15.633657679905337,19.157614385487523,0.6530369132986539,43.57811555836819
25,"Feng, Runhuan",7.385348998756863,7.355750056181223,7.373678960399764,7.356455589928906,7.291278747350336,7.4120179120912235,7.465056713029958,7.3529011810074865,7.496585506287424,7.40756018634283,7.36230440861467,7.424619843152984,7.473830600316042,7.480740913965658,7.355053158130771,7.581302187870868,7.375776611423155,7.330134526957773,7.382905998491663,7.528936816228965,7.393301340681932,7.739344518431604,7.391165842359193,7.460448185929712,7.440387969297064,0.277296776935901,27.021872360501842,19.447477689942804,26.641719475919494,17.643832530141992,17.847097837207077,17.78926626315037,43.363489742726095,13.254511822876156,26.488099733012643,36.99575481913924,14.948794863374257,28.951930568622092,19.813891283504212,13.641466810122301,23.935989582957554,19.735962473816848,11.70692964901725,12.733145377252002,14.739260165070196,7.454792991793809,3.526589761518301,29.526589761518302,14.201384092695644,13.564994571923599,20.451448606689578,9.581974899655718,17.58531187075028,17.99083895809128,17.818206227308885,19.968811856741883,36.595967355261166,18.048005229453533,19.657716231227294,29.54382601861212,17.07953511876515,4.679175313923074,12.102426664308526,28.05838955739071,15.790927283992048,19.314883989574238,17.78926626315037,43.735385162454904
26,"Hur, Vera Mikyoung",13.404781892937462,6.6949912108248215,26.79789374751783,6.695167594261743,26.7154935344684,26.836232699209287,26.889271500148023,0.29425402162775327,26.920800293405488,26.831774973460895,5.357303839146547,26.84883463027105,26.898045387434106,26.904955701083722,1.1643159976195145,27.005516974988932,8.933330466180406,26.75434931407584,26.807120785609726,26.95315160334703,26.817516127799994,27.16355930554967,8.938460209825752,26.884662973047774,13.432301378207564,27.021872360501842,0.07537775988331022,19.19543803292878,26.38967981890547,5.797264291042656,17.595058180193053,2.505318086590907,21.555725042856036,1.3002472165862133,26.23606007599862,36.74371516212522,7.348377603180118,2.60908099196437,9.780925813245094,2.677885430621656,11.841974962971765,19.483922816802824,11.454889992003228,12.48110572023798,14.487220508056174,7.202753334779787,3.2745501045042786,14.63727505225214,1.268122221425602,6.6564774574547885,20.199408949675554,9.329935242641696,17.333272213736258,17.738799301077258,4.391541642573715,19.71677219972786,4.542990962280893,17.79596557243951,19.40567657421327,14.645893180799048,3.3654990923502255,9.106310970832126,5.925193503647252,27.806349900376688,15.538887626978026,1.1914277707850134,1.3490174312412575,14.494448501813627
27,"Ivanov, S. V.",19.235169115315887,19.20557017274025,19.22349907695879,9.603137853243966,3.8282197727818725,19.26183802865025,19.314876829588986,9.601360648783256,19.34640562284645,19.257380302901858,19.212124525173696,19.274439959712012,19.32365071687507,19.330561030524684,19.2048732746898,19.431122304429895,19.225596727982182,9.5899773217584,19.23272611505069,19.378756932787994,19.243121457240957,4.897291158747658,4.810246489729555,19.310268302488737,9.645104042928045,19.447477689942804,19.19543803292878,0.1054088463979081,1.888556928578008,17.441910054314608,17.645175361379692,17.587343787322986,21.580783633449357,13.052589347048773,26.28617725718526,36.79383234331186,14.746872387546874,28.750008092794708,19.611968807676828,13.439544334294919,23.73406710713017,19.534039997989463,11.505007173189867,3.132805725356155,0.5591283726631852,7.252870515966427,3.324667285690918,14.662333642845459,6.999730808434131,13.363072096096216,10.124763065431097,9.380052423828335,17.383389394922897,8.894458241131948,17.6162837514815,19.7668893809145,36.394044879433785,17.84608275362615,9.727896877699955,29.341903542784735,16.877612642937766,9.156428152018766,11.900504188481143,13.928233540781664,15.589004808164665,19.112961513746853,17.587343787322986,21.76673134331376
28,"Dunfield, Nathan M.",13.214705450646289,8.799937319572313,3.7739629804193546,2.933390832496069,6.583835162471513,8.818693271542314,26.509118615565676,26.396963083543202,26.54064740882314,26.451622088878548,26.406366311150386,26.468681745688702,26.51789250285176,26.524802816501374,26.39911506066649,26.625364090406585,26.419838513958872,5.2748392858986985,8.808989300342459,26.572998718764683,13.218681621608823,8.92780214032244,4.405871290815818,13.252255044232713,6.621112467958195,26.641719475919494,26.38967981890547,1.888556928578008,0.07647182932474726,17.393778172007682,5.865681159690922,17.53921190501606,21.556717692295894,13.004457464741847,5.247609074975666,9.186425115251234,14.698740505239948,9.567292070162594,19.563836925369902,13.391412451987993,23.685935224823243,19.485908115682538,5.7284376454414705,2.4966182038235387,1.8111507258669859,7.204738633659501,3.276535403383992,29.276535403383992,13.951329734561336,13.31494021378929,0.2885913464079324,0.37327682166085635,5.778419170871991,8.870392299978485,8.784075934587287,6.572919166202524,36.34591299712686,4.449487717829806,9.703830936546492,9.764590553492603,16.82948076063084,9.10829626971184,11.852372306174217,9.2694450664188,15.54087292585774,19.064829631439927,8.76960595250803,4.831703422702288
29,"Kerman, Ely",17.431523955515075,2.4859892875627767,17.41985391715798,2.4860900780981603,17.33745370410855,17.458192868849437,17.511231669788174,17.3990761377657,17.54276046304564,17.453735143101046,17.408479365372884,17.4707947999112,17.520005557074256,17.526915870723872,17.401228114888987,17.627477144629083,2.1777439460226713,8.688154741857995,17.429080955249876,17.57511177298718,17.439476297440144,17.78551947518982,17.437340799117408,17.506623142687925,5.828854308685092,17.643832530141992,5.797264291042656,17.441910054314608,17.393778172007682,0.11644382835798428,8.8308733717122,17.603915169367692,5.397267331117927,13.06916072909348,6.575687159807491,36.810403725356565,7.381721884795791,14.383289737419707,1.5098877069016565,13.456115716339626,3.3929483555964106,19.55061138003417,11.521578555234575,12.547794283469328,14.55390907128752,7.2694418980111335,3.341238667735625,29.341238667735624,14.01603299891297,2.229940579690154,10.13304875645345,9.396623805873043,17.399960776967603,17.805487864308603,8.816427566763103,9.891730381479602,18.205308130739244,17.862654135670855,1.145433243379095,7.33961873120736,2.111773003122809,9.172999534063473,5.9585377852629255,27.873038463608033,15.605576190209373,19.12953289579156,17.603915169367692,21.775017034336113
30,"Clader, Emily",17.63478926258016,8.80259516000226,17.623119224223064,4.401473963438051,17.540719011173636,17.66145817591452,17.71449697685326,17.602341444830785,17.746025770110723,17.65700045016613,17.61174467243797,17.674060106976285,5.907756954713114,8.865090588894478,17.60449342195407,17.830742451694167,17.625216875246455,17.579574790781074,8.81617313115748,8.889188540026133,8.821370802252614,17.988784782254903,17.640606106182492,17.70988844975301,8.844914116560181,17.847097837207077,17.595058180193053,17.645175361379692,5.865681159690922,8.8308733717122,0.11508643239660316,17.601920414468545,43.17614389404427,13.067165974194332,1.0520301553732327,36.80840897045742,7.380724507346216,28.764584719940267,9.813272717411193,13.454120961440477,23.748643734275728,19.548616625135022,11.519583800335425,6.272899764285089,14.551914316388372,7.267447143111986,3.339243912836477,29.339243912836476,14.01403824401382,2.675529744648355,10.132051379003876,9.394629050973894,17.397966022068456,17.803493109409455,17.63086037862706,19.781466008060058,18.204310753289672,8.930329690385854,19.470370382545468,29.356480169930293,16.892189270083325,9.171004779164324,11.915080815626702,4.645173951451481,15.603581435310224,19.127538140892412,17.601920414468545,21.77401965688654
31,"Kirkpatrick, Kay",17.576957688523454,5.849119581982605,8.782643825083179,8.77403213984775,5.827629145705643,17.603626601857815,17.656665402796552,5.848169956924693,17.688194196054017,2.5141669823013464,3.5107826196762524,17.61622853291958,17.665439290082634,17.67234960373225,2.1933327309871706,17.77291087763746,17.56738530118975,17.521743216724367,17.574514688258255,17.72054550599556,17.584910030448523,17.930953208198197,17.582774532125786,17.652056875696303,17.631996659063656,17.78926626315037,2.505318086590907,17.587343787322986,17.53921190501606,17.603915169367692,17.601920414468545,0.1154694080376727,3.5980589899946165,2.1779549933475773,26.30131787022195,36.80897295634855,7.381006500291782,5.75302974116628,19.62710942071352,6.7273424736658045,11.87460386008343,19.549180611026156,11.520147786226557,12.54636351446131,14.552478302279503,7.268011129003117,3.3398078987276087,7.3349519746819025,4.671534076634984,13.378212709132907,20.264666743898886,9.395193036865026,17.39853000795959,17.80405709530059,4.407856091129548,9.891014996975596,5.201312213210067,8.93061168333142,19.470934368436602,29.357044155821427,16.89275325597446,9.171568765055456,5.957822400758917,27.87160769460002,7.802072710600678,0.6170355524768886,4.40062110008992,21.774301649832104
32,"Lee, Kiryung",3.3193216283153215,6.160226032217649,43.13951112974208,8.624457551854245,10.764277729173163,21.58892504071677,43.23088888237228,14.37291111678327,43.26241767562974,8.634678471137029,21.564068288978493,21.59522600624765,43.23966276965836,43.24657308330797,4.312088532747309,43.347134357213186,43.14160878076547,6.156566670900013,21.57436908391699,43.29476898557128,43.15913351002425,43.505176687773925,3.319769077823193,43.22628035527203,43.20622013863938,43.363489742726095,21.555725042856036,21.580783633449357,21.556717692295894,5.397267331117927,43.17614389404427,3.5980589899946165,0.04666328973987777,12.94393893509664,26.177526845233125,36.68518193135972,7.31911098779737,2.386779806736881,9.751659197862347,1.481210435815865,0.4295530308214188,0.2697970775838518,11.396356761237733,12.422572489472486,1.6031874752545199,7.144220104014293,3.216016873738784,0.16887871025282533,6.945405602458064,6.627210842072041,10.07043785945503,9.271402011876201,17.274738982970764,17.680266070311763,2.9179388899215613,9.829119484481183,1.7278759270229354,8.868716170837008,19.347143343447776,2.2487117792948155,2.3955660329979476,4.523888870033316,3.93061792550967,6.936954167402798,1.5480354396212532,3.800862220358944,8.739346687685426,3.101772305333956
33,"Kirr, E.",6.521101624124621,6.506302152836801,13.030533209892143,13.013309839421286,6.474066498421358,13.068872161583602,13.121910962522337,0.7652797312058746,13.153439755779804,13.06441443583521,4.339719552702349,13.081474092645363,13.130684849808421,13.137595163458037,0.3827031590477397,13.238156437363248,6.516315430457767,12.986988776450152,13.039760247984043,13.185791065721345,13.050155590174311,13.396198767923984,13.048020091851573,13.117302435422092,13.097242218789445,13.254511822876156,1.3002472165862133,13.052589347048773,13.004457464741847,13.06916072909348,13.067165974194332,2.1779549933475773,12.94393893509664,0.1561708228387467,26.35669451425727,36.864349600383875,14.817389644618887,9.606841783288907,19.68248606474884,13.51006159136693,23.80458436420218,19.604557255061476,11.57552443026188,12.601740158496632,14.607854946314825,7.32338777303844,3.395184542762931,29.39518454276293,1.1724982394950227,13.433589353168228,20.320043387934206,9.450569680900347,17.45390665199491,17.85943373933591,5.895600336184504,19.83740663798651,6.077427022750967,17.91660001069816,19.526311012471922,29.412420799856747,16.94812990000978,9.226945409090778,11.971021445553156,27.92698433863534,15.659522065236677,2.740496967259838,2.522551577770714,43.603979943699535
34,"Katz, Sheldon",26.275791158385726,6.561548053952522,8.754707040009544,13.123448874778886,26.1817209069792,2.630246007172009,6.588874718164706,26.24334334063635,26.38702766591629,26.298002345971696,26.252746568243534,13.157531001390925,4.394045459990818,5.274236614718904,26.245495317759637,26.471744347499733,8.75540625701734,26.22057668658664,6.568337039530132,13.209689487928916,6.570935875077699,26.62978667806047,13.140804000994029,26.350890345558575,26.33083012892593,26.488099733012643,26.23606007599862,26.28617725718526,5.247609074975666,6.575687159807491,1.0520301553732327,26.30131787022195,26.177526845233125,26.35669451425727,0.07692299250813138,36.746515003552304,1.8374443809734153,28.702690753035156,4.891162866979319,13.392226994535367,23.686749767370618,19.486722658229912,3.819229944476772,12.483905561665068,14.490020349483261,7.205553176206874,3.2773499459313653,29.277349945931366,13.95214427710871,0.7397641531298147,1.8365644355547857,9.332735084068783,8.668036027581673,17.741599142504345,17.56896641172195,19.719572041154947,36.34672753967423,3.5597530827733195,2.1564973795155953,29.294586203025183,5.6100984343927385,9.109110812259214,3.951062282907197,5.561829948360755,15.541687468405113,19.0656441739873,17.540026447563434,21.743072673433982
35,"Kim, Jaehoon",36.78344624451233,18.376923650968344,36.77177620615523,36.75455283568437,0.12918794363769648,36.81011515784669,36.863153958785425,18.375499213381477,36.89468275204289,12.268552477366098,9.190100413592534,36.82271708890845,36.87192784607151,36.87883815972112,18.37657520194312,36.979399433626334,36.77387385717862,3.3389301611557487,9.195250811061783,36.92703406198443,36.791398586437396,37.13744176418707,36.78926308811466,36.85854543168518,18.419242607526265,36.99575481913924,36.74371516212522,36.79383234331186,9.186425115251234,36.810403725356565,36.80840897045742,36.80897295634855,36.68518193135972,36.864349600383875,36.746515003552304,0.054799646968626506,14.656298346031491,28.659434051279327,19.521394766161446,13.348970292779535,11.821746532807394,19.443465956474082,11.414433131674484,12.440648859909237,14.44676364772743,7.162296474451043,3.2340932441755346,29.234093244175536,13.908887575352878,13.272498054580833,20.158952089346812,9.289478382312952,17.292815353407516,17.698342440748515,8.76285485498306,9.838157669699559,36.3034708379184,17.755508712110768,19.365219713884528,29.251329501269353,16.787038601422385,9.065854110503382,11.80993014696576,5.553178608009589,15.498430766649282,19.022387472231472,17.496769745807605,43.442888645112134
36,"Fan, Cunwei",14.736486288747344,7.3534436730858515,14.724816250390244,2.101084697131341,14.642416037340817,1.6403505780090781,7.408097001510219,14.704038470997968,7.4238613981389525,14.758697476333312,14.71344169860515,14.775757133143465,4.941655963435507,7.415939101978069,14.706190448121252,14.93243947786135,2.945382780282727,14.681271816948254,4.911347762827382,7.440037053109723,14.744438630672413,15.090481808422085,7.371151566174837,14.811585475920193,14.791525259287546,14.948794863374257,7.348377603180118,14.746872387546874,14.698740505239948,7.381721884795791,7.380724507346216,7.381006500291782,7.31911098779737,14.817389644618887,1.8374443809734153,14.656298346031491,0.1380115320751766,14.398419920425544,2.457350069466651,13.486376082351299,23.78089885518655,19.580871746045844,5.775919460623124,12.578054649481,14.584169437299193,7.299702264022807,3.3714990337472988,29.3714990337473,14.046293364924642,6.704951922076298,20.296357878918574,9.426884171884716,17.430221142979278,17.835748230320277,17.66311549953788,19.81372112897088,12.146958875830054,8.946457250841265,1.950262550345629,29.388735290841115,5.641481463664715,9.203259900075146,5.973667968268762,6.975824707404927,15.635836556221046,19.159793261803234,17.634175535379367,21.79014721734195
37,"Freitas, Pedro",5.747924398799035,2.2084633116476566,28.72795195563808,5.742145717033444,9.548517247529551,28.766290907329537,28.819329708268274,3.588396772030725,9.616952833841912,28.761833181581146,3.589572175481623,28.7788928383913,28.828103595554357,28.835013909203973,3.1899251281521206,28.935575183109183,9.57668320222049,28.68440752219609,28.737178993729977,28.88320981146728,28.747574335920245,29.09361751366992,2.613221712508864,14.407360590584013,14.397330482267689,28.951930568622092,2.60908099196437,28.750008092794708,9.567292070162594,14.383289737419707,28.764584719940267,5.75302974116628,2.386779806736881,9.606841783288907,28.702690753035156,28.659434051279327,14.398419920425544,0.07027278320668427,4.888097915912121,3.344991797566644,7.891496654367276,9.73723142698056,11.445430029161525,12.471645757396278,4.825920181738157,3.5966466859690422,3.2650901416625753,4.180727163094653,2.7879768945679837,13.303494952067874,20.18994898683385,9.320475279799993,17.323812250894555,5.909779779411852,1.4630588839544298,19.707312236886157,1.3974795282848247,17.786505609597807,19.396216611371567,1.8301453999222745,3.363607099781885,4.548425503995212,2.9602317611132003,27.796889937534985,7.7647138320681615,3.175564061619752,5.842588881098215,3.9521714129635614
38,"Berwick-Evans, Daniel",19.601582708877295,2.446497970787707,9.7949563352601,2.174743255561038,19.50751245747077,3.2713752703686096,0.9840645211575196,4.89228372278198,19.71281921640786,19.623793896463265,0.2837469292570305,19.64085355327342,9.845032155218238,19.696974624086092,9.785643434125603,19.797535897991303,0.5023592390139382,19.54636823707821,19.599139708612096,19.7451705263494,4.902383762700591,19.95557822855204,19.607399552479627,9.838340948025072,9.828310839708749,19.813891283504212,9.780925813245094,19.611968807676828,19.563836925369902,1.5098877069016565,9.813272717411193,19.62710942071352,9.751659197862347,19.68248606474884,4.891162866979319,19.521394766161446,2.457350069466651,4.888097915912121,0.10341716633772606,13.436462443697941,23.730985216533192,19.530958107392486,11.50192528259289,12.528141010827643,4.8447519328819455,2.416596208456483,3.321585395093941,14.66079269754697,6.998189863135642,6.679995102749619,10.123222120132608,9.376970533231358,2.896717917387653,17.78583459166692,5.871067286961508,19.76380749031752,36.390962988836804,5.947666954343057,0.2628744846594991,3.2598690724653063,4.218632688085197,9.153346261421788,11.897422297884166,5.57067703819327,15.585922917567688,19.109879623149876,17.58426189672601,43.53038079603054
39,"Chen, Xuezhi",6.714579117747694,6.699779646459874,4.472496065712763,13.400264826667431,4.44502932802962,13.455827148829748,13.508865949768483,13.396710417746013,13.54039474302595,13.451369423081356,13.406113645353194,13.468429079891509,13.517639837054567,13.524550150704183,0.5359544957947718,13.625111424609393,13.41958584816168,1.6717429704620372,13.426715235230189,13.57274605296749,13.437110577420457,13.78315375517013,6.717487539548859,13.504257422668237,13.48419720603559,13.641466810122301,2.677885430621656,13.439544334294919,13.391412451987993,13.456115716339626,13.454120961440477,6.7273424736658045,1.481210435815865,13.51006159136693,13.392226994535367,13.348970292779535,13.486376082351299,3.344991797566644,13.436462443697941,0.15161707570640462,11.899390097751743,19.59875308636278,11.569720261563186,12.595935989797939,14.602050777616132,7.317583604339745,3.3893803740642365,29.389380374064235,14.06417470524158,13.427785184469535,20.31423921923551,9.444765512201654,17.448102483296214,17.853629570637214,17.680996839854817,4.957900617321954,18.22937898390355,17.910795841999466,19.520506843773227,7.351654157789513,8.471162865655542,9.221141240392084,11.965217276854462,27.921180169936644,15.653717896537984,1.4752057386246284,2.942009479282717,5.449771971875105
40,"Ford, K.",23.723681008330637,23.694082065754998,23.71201096997354,23.694787599502682,2.953701344615514,23.750349921665,23.803388722603735,23.69123319058126,23.8349175158612,11.872946097958303,23.700636418188445,23.76295185272676,23.812162609889818,23.819072923539434,5.923346291926137,23.919634197444644,23.71410862099693,0.4830299293169704,11.860619004032719,23.867268825802743,23.731633350255706,24.07767652800538,23.72949785193297,23.798780195503486,23.77871997887084,23.935989582957554,11.841974962971765,23.73406710713017,23.685935224823243,3.3929483555964106,23.748643734275728,11.87460386008343,0.4295530308214188,23.80458436420218,23.686749767370618,11.821746532807394,23.78089885518655,7.891496654367276,23.730985216533192,11.899390097751743,0.08528014506899545,19.501400356656053,11.472367531856458,12.49858326009121,14.504698047909404,7.2202308746330175,3.2920276443575087,0.3529159957151507,13.966821975534852,13.330432454762807,20.216886489528783,9.347412782494926,17.350749753589486,8.878138420465243,8.791822055074045,6.578083246527029,18.180702619050187,17.813443112292738,19.4231541140665,2.9309263901451326,4.211243250401089,9.123788510685356,11.867864547147734,27.823827440229916,15.556365166831256,9.540160936206721,17.554704145989575,8.700164609058822
41,"Leditzky, Felix",19.52365389918993,9.747027478307146,19.511983860832835,19.494760490361976,19.429583647783407,19.550322812524293,19.60336161346303,9.745603040720278,19.634890406720494,9.77293254338795,9.75030465452387,19.562924743586056,19.612135500749112,19.619045814398728,19.493358058563842,19.71960708830394,19.514081511856226,9.734219713695422,3.2535351498207885,19.667241716662037,19.531606241115,19.877649418864674,19.529470742792263,19.59875308636278,19.578692869730133,19.735962473816848,19.483922816802824,19.534039997989463,19.485908115682538,19.55061138003417,19.548616625135022,19.549180611026156,0.2697970775838518,19.604557255061476,19.486722658229912,19.443465956474082,19.580871746045844,9.73723142698056,19.530958107392486,19.59875308636278,19.501400356656053,0.10383444709350566,11.502573416315405,6.264394572275079,14.534903932368351,7.250436759091965,3.3222335288164557,9.774077842938818,13.9970278599938,13.360638339221754,20.24709237398773,9.377618666953873,17.380955638048434,17.786482725389433,17.613849994607037,19.764455624040036,12.130537040853106,17.843648996751686,19.453359998525446,29.33946978591027,16.875178886063303,9.153994395144304,5.949035215803341,13.927016662344432,15.586571051290203,19.11052775687239,17.584910030448523,21.765514464876528
42,"Bauer, Kristine",11.494621074390336,11.465022131814695,11.482951036033237,11.46572766556238,11.40055082298381,11.521289987724696,11.574328788663431,11.46217325664096,11.605857581920898,11.516832261976305,11.471576484248143,11.533891918786457,5.791551337974758,5.795006494799566,11.464325233764244,11.690574263504342,5.742524343528314,11.439406602591246,3.830726024708379,11.638208891862439,0.8848133397165696,11.848616594065078,11.500437917992667,11.569720261563186,11.549660044930539,11.70692964901725,11.454889992003228,11.505007173189867,5.7284376454414705,11.521578555234575,11.519583800335425,11.520147786226557,11.396356761237733,11.57552443026188,3.819229944476772,11.414433131674484,5.775919460623124,11.445430029161525,11.50192528259289,11.569720261563186,11.472367531856458,11.502573416315405,0.17746571249998333,12.627822410651108,14.633937198469301,7.349470025192915,3.4212667949174054,29.421266794917404,14.09606112609475,6.729835802661352,10.17306282004434,9.476651933054823,0.7599995175717124,17.885515991490383,17.712883260707986,19.863488890140985,36.49064438866027,2.563240323264662,19.552393264626396,29.43850305201122,16.974212152164252,9.253027661245254,11.997103697707631,13.976533295394907,15.685604317391153,19.20956102297334,17.683943296549472,43.63006219585401
43,"Lam, Yeuk Hay Joshua",12.52083680262509,12.491237860049448,2.0848611273779984,12.491943393797133,12.426766551218563,12.54750571595945,12.600544516898184,12.488388984875714,12.63207331015565,6.271523995105529,12.497792212482896,12.56010764702121,12.609318404184268,12.616228717833884,12.490540961998997,12.716789991739095,6.25563220764569,4.155207443608666,2.503678760471978,12.664424620097192,6.264394572275079,12.87483232229983,6.26332682311371,12.595935989797939,12.575875773165292,12.733145377252002,12.48110572023798,3.132805725356155,2.4966182038235387,12.547794283469328,6.272899764285089,12.54636351446131,12.422572489472486,12.601740158496632,12.483905561665068,12.440648859909237,12.578054649481,12.471645757396278,12.528141010827643,12.595935989797939,12.49858326009121,6.264394572275079,12.627822410651108,0.16275407487644936,4.872032769659315,7.331631135701558,3.4034279054260494,29.40342790542605,14.078222236603393,13.441832715831348,20.328286750597325,9.458813043563467,5.820716671552677,8.933838550999514,17.695044371216632,4.961412500162408,18.236402749584457,2.560691910480183,19.53455437513504,29.420664162519866,16.956373262672898,9.235188771753897,5.9896324041081375,27.93522770129846,15.667765427899797,19.191722133481985,17.666104407058118,7.2687038843937755
44,"Yu, Haizi",7.263475795221641,7.248676323933821,14.515281552086183,7.249029090807663,14.432881339036756,14.553620503777642,14.606659304716377,14.494503772693907,14.638188097973844,14.54916277802925,14.503907000301089,14.566222434839403,14.615433192002461,14.622343505652077,14.49665574981719,14.722904779557288,7.258689601554787,14.471737118644192,14.524508590178083,14.670539407915385,14.534903932368351,7.440473555059012,2.4221280723409353,14.602050777616132,7.290995280491742,14.739260165070196,14.487220508056174,0.5591283726631852,1.8111507258669859,14.55390907128752,14.551914316388372,14.552478302279503,1.6031874752545199,14.607854946314825,14.490020349483261,14.44676364772743,14.584169437299193,4.825920181738157,4.8447519328819455,14.602050777616132,14.504698047909404,14.534903932368351,14.633937198469301,4.872032769659315,0.14002630939459995,2.434134708236233,3.3742008944331907,29.37420089443319,14.048995225610534,13.412605704838489,20.299059739604466,9.429586032570608,17.43292300366517,17.83845009100617,17.665817360223773,19.816422989656772,36.44357848817606,8.947808181184211,9.752663682071091,2.449286429293917,16.92714625168004,9.205961760761038,11.950037797223416,27.9060006903056,15.638538416906938,19.162495122489126,17.63687739606526,43.582996295369796
45,"Berg, I. D.",7.242484417166896,2.4042951581970855,7.230814378809797,7.213591008338939,7.14841416576037,7.269153330501257,7.322192131439992,7.21003659941752,7.353720924697457,7.2646956047528635,7.219439827024703,7.281755261563017,7.330966018726075,7.337876332375691,7.212188576540805,7.4384376062809014,7.232912029833188,7.187269945367806,7.240041416901696,3.693036117319499,7.250436759091965,7.596479936841638,7.248301260769226,7.317583604339745,7.2975233877070975,7.454792991793809,7.202753334779787,7.252870515966427,7.204738633659501,7.2694418980111335,7.267447143111986,7.268011129003117,7.144220104014293,7.32338777303844,7.205553176206874,7.162296474451043,7.299702264022807,3.5966466859690422,2.416596208456483,7.317583604339745,7.2202308746330175,7.250436759091965,7.349470025192915,7.331631135701558,2.434134708236233,0.2827838053173677,3.5317742052011996,29.5317742052012,14.206568536378544,13.570179015606499,20.456633050372474,9.587159343338618,17.590496314433178,17.996023401774178,17.82339067099178,19.97399630042478,36.601151798944066,18.05318967313643,19.66290067491019,4.92483507704917,17.084719562448047,9.363535071529048,12.107611107991426,28.063574001073608,15.796111727674948,19.320068433257134,17.794450706833267,43.740569606137804
46,"Quan, Zhiyu",3.314281186891387,3.2846822443157473,3.302611148534288,3.2853877780634306,3.220210935484861,3.340950100225748,3.3939889011644824,3.281833369142011,3.4255176944219485,3.3364923744773547,3.291236596749194,3.3535520312875082,3.402762788450566,3.4096731021001823,3.2839853462652955,3.5102343760053922,3.3047087995576794,3.259066715092297,3.3118381866261877,3.4578690043634897,3.3222335288164557,3.668276706566129,3.320098030493717,3.3893803740642365,3.3693201574315887,3.526589761518301,3.2745501045042786,3.324667285690918,3.276535403383992,3.341238667735625,3.339243912836477,3.3398078987276087,3.216016873738784,3.395184542762931,3.2773499459313653,3.2340932441755346,3.3714990337472988,3.2650901416625753,3.321585395093941,3.3893803740642365,3.2920276443575087,3.3222335288164557,3.4212667949174054,3.4034279054260494,3.3742008944331907,3.5317742052011996,0.6,29.774596669241483,14.449391000418828,13.813001479646783,20.699455514412758,9.8299818073789,17.833318778473462,18.23884586581446,18.066213135032065,20.216818764465064,36.84397426298435,18.296012137176714,19.905723138950474,29.7918329263353,17.32754202648833,9.60635753556933,12.350433572031708,28.30639646511389,16.03893419171523,19.562890897297418,18.03727317087355,43.983392070178084
47,"Helemskii, A. Ya.",7.328570296722846,29.284682244315746,29.30261114853429,14.642693889031715,9.740070311828287,29.340950100225747,29.393988901164484,14.640916684571005,29.42551769442195,14.668246187238678,29.291236596749194,29.35355203128751,29.402762788450566,29.409673102100182,5.8567970692530595,29.510234376005393,29.30470879955768,9.7530222383641,29.311838186626186,29.45786900436349,29.322233528816454,29.66827670656613,14.660049015246859,29.389380374064235,29.369320157431588,29.526589761518302,14.63727505225214,14.662333642845459,29.276535403383992,29.341238667735624,29.339243912836476,7.3349519746819025,0.16887871025282533,29.39518454276293,29.277349945931366,29.234093244175536,29.3714990337473,4.180727163094653,14.66079269754697,29.389380374064235,0.3529159957151507,9.774077842938818,29.421266794917404,29.40342790542605,29.37420089443319,29.5317742052012,29.774596669241483,0.0688836104513064,6.968625602342398,13.30086168391275,20.187315718678725,9.317842011644869,8.660589491369716,3.5453412140160863,17.554073339298036,9.852339484365515,6.0553057445417195,17.78387234144268,19.39358334321644,7.319923282650317,4.203850557688575,9.0942177398353,11.838293776297677,27.794256669379863,5.175598131993733,9.525375550781693,17.525133375139518,10.867813068611014
48,"Rapti, Z.",6.994537759034365,4.653158858497696,13.977405479711631,13.960182109240774,13.895005266662205,14.01574443140309,14.068783232341826,0.16042100804964776,14.100312025599292,14.0112867056547,0.5371550356894822,14.028346362464852,14.07755711962791,14.084467433277526,1.5509755197158488,14.185028707182736,4.659834376911674,13.93386104626964,6.993316258901766,14.132663335540833,13.9970278599938,14.343071037743472,13.994892361671061,14.06417470524158,7.022057244304467,14.201384092695644,1.268122221425602,6.999730808434131,13.951329734561336,14.01603299891297,14.01403824401382,4.671534076634984,6.945405602458064,1.1724982394950227,13.95214427710871,13.908887575352878,14.046293364924642,2.7879768945679837,6.998189863135642,14.06417470524158,13.966821975534852,13.9970278599938,14.09606112609475,14.078222236603393,14.048995225610534,14.206568536378544,14.449391000418828,6.968625602342398,0.14547653543805686,6.709909337062805,20.306272708891587,9.436799001857729,17.44013597295229,8.922831530146645,2.9455050549184825,19.823635958943893,12.150263819154391,17.902829331655543,9.756270166714652,14.699325060407064,8.46717961048358,9.21317473004816,11.957250766510537,27.91321365959272,7.822875693097029,9.584854045888124,8.82204518267619,21.795104632328457
49,"Pascaleff, James",6.676342998648343,4.441029018240348,13.341015958939586,13.323792588468729,13.25861574589016,6.689677455315523,13.43239371156978,6.660119089773655,13.463922504827247,13.374897184882654,13.329641407154492,4.463985613897602,6.720583799427932,6.72403895625274,13.322390156670593,13.548639186410691,2.6686227219925955,13.297471525497595,4.4500809990104955,6.748136907384394,4.4535461130739185,13.706681516971427,13.358502840899016,13.427785184469535,13.407724967836888,13.564994571923599,6.6564774574547885,13.363072096096216,13.31494021378929,2.229940579690154,2.675529744648355,13.378212709132907,6.627210842072041,13.433589353168228,0.7397641531298147,13.272498054580833,6.704951922076298,13.303494952067874,6.679995102749619,13.427785184469535,13.330432454762807,13.360638339221754,6.729835802661352,13.441832715831348,13.412605704838489,13.570179015606499,13.813001479646783,13.30086168391275,6.709909337062805,0.15249596269479881,6.771788719897594,9.445892452658924,5.816409807917829,17.854756511094486,8.841061890156045,19.832729409745088,36.45988490826437,4.4779806956141845,4.880408446057625,29.407743571615324,8.471726335884178,9.222268180849355,5.983172108655866,4.65371785173232,15.654844836995254,19.178801542577443,17.653183816153575,14.533100905152702
50,"Hanselman, Jonathan",20.23914003206266,6.736513696495674,20.227469993705565,6.736748874411568,20.145069780656137,5.066452236349256,20.31884774633576,6.735564071437762,20.350376539593224,20.26135121964863,6.738698480640156,3.3797351460764644,3.387936938936974,10.167265973635729,20.208844191436572,20.43509322117667,20.229567644728956,20.183925560263575,10.118348515898731,20.382727849534767,5.0617730934969325,20.593135551737404,20.244956875664993,20.31423921923551,20.294179002602863,20.451448606689578,20.199408949675554,10.124763065431097,0.2885913464079324,10.13304875645345,10.132051379003876,20.264666743898886,10.07043785945503,20.320043387934206,1.8365644355547857,20.158952089346812,20.296357878918574,20.18994898683385,10.123222120132608,20.31423921923551,20.216886489528783,20.24709237398773,10.17306282004434,20.328286750597325,20.299059739604466,20.456633050372474,20.699455514412758,20.187315718678725,20.306272708891587,6.771788719897594,0.10012491881995615,0.17355204363901025,17.375147327601116,17.780674414942116,17.60804168415972,19.758647313592718,36.385802812112004,8.918920343152184,9.723775844039064,29.333661475462954,16.869370575615985,9.148186084696984,11.892262121159362,5.5696450028483095,15.580762740842884,19.104719446425072,17.579101720001205,10.881305154826435
51,"Rasmussen, Sarah Dean",9.369666325028804,9.340067382453164,9.357996286671705,9.340772916200848,9.275596073622278,9.396335238363164,9.4493740393019,9.33721850727943,9.480902832559366,9.391877512614773,9.346621734886611,9.408937169424926,9.458147926587984,9.4650582402376,9.339370484402712,9.56561951414281,9.360093937695096,9.314451853229714,9.367223324763605,9.513254142500907,9.377618666953873,9.723661844703546,9.375483168631135,9.444765512201654,9.424705295569007,9.581974899655718,9.329935242641696,9.380052423828335,0.37327682166085635,9.396623805873043,9.394629050973894,9.395193036865026,9.271402011876201,9.450569680900347,9.332735084068783,9.289478382312952,9.426884171884716,9.320475279799993,9.376970533231358,9.444765512201654,9.347412782494926,9.377618666953873,9.476651933054823,9.458813043563467,9.429586032570608,9.587159343338618,9.8299818073789,9.317842011644869,9.436799001857729,9.445892452658924,0.17355204363901025,0.21820205152138356,17.52584313372283,17.93137022106383,17.758737490281433,19.909343119714432,36.536498618233715,17.988536492426082,19.598247494199843,29.484357281584668,17.0200663817377,9.2988818908187,12.042957927281078,27.99892082036326,15.7314585469646,19.255415252546786,17.72979752612292,43.67591642542745
52,"Bergner, Julia E.",17.373003296123365,17.343404353547726,5.787111085922089,5.781369962431803,17.27893304471684,17.399672209457727,1.0266300594350861,17.34055547837399,17.484239803653928,17.395214483709335,17.349958705981173,17.41227414051949,8.730742448841273,8.73419760566608,17.342707455497276,17.568956485237372,17.36343090878966,17.31778882432428,5.790186765286055,17.51659111359547,0.8276645541927825,17.726998815798108,17.378820139725697,17.448102483296214,17.428042266663567,17.58531187075028,17.333272213736258,17.383389394922897,5.778419170871991,17.399960776967603,17.397966022068456,17.39853000795959,17.274738982970764,17.45390665199491,8.668036027581673,17.292815353407516,17.430221142979278,17.323812250894555,2.896717917387653,17.448102483296214,17.350749753589486,17.380955638048434,0.7599995175717124,5.820716671552677,17.43292300366517,17.590496314433178,17.833318778473462,8.660589491369716,17.44013597295229,5.816409807917829,17.375147327601116,17.52584313372283,0.11684056239199986,17.80606868459553,17.633435953813134,19.784041583246132,36.411197081765415,0.3502595089403487,9.736472978865772,29.35905574511637,16.8947648452694,9.1735803543504,11.917656390812779,13.93680964194748,15.6061570104963,19.130113716078487,17.60449598965462,14.516871629653052
53,"Matusevich, Laura Felicia",4.444632595866091,17.748931440888725,8.883430172553634,17.74963697463641,5.89482004401928,17.805199296798726,17.858238097737463,8.873041282857494,17.889766890994927,17.800741571050334,8.877742896661086,8.908900613930244,17.867011985023545,17.87392229867316,8.874117271419138,17.97448357257837,17.76895799613066,2.5319022730950396,8.888043691599583,17.92211820093647,8.893241362694717,18.132525903139108,5.9281157423555655,17.853629570637214,17.833569354004567,17.99083895809128,17.738799301077258,8.894458241131948,8.870392299978485,17.805487864308603,17.803493109409455,17.80405709530059,17.680266070311763,17.85943373933591,17.741599142504345,17.698342440748515,17.835748230320277,5.909779779411852,17.78583459166692,17.853629570637214,8.878138420465243,17.786482725389433,17.885515991490383,8.933838550999514,17.83845009100617,17.996023401774178,18.23884586581446,3.5453412140160863,8.922831530146645,17.854756511094486,17.780674414942116,17.93137022106383,17.80606868459553,0.1141454195854443,17.629470605302657,9.890038117367828,18.20361586662747,17.859269607447306,19.468980609221067,2.446257533050491,16.890799496758923,9.169615005839923,11.9136910423023,13.934826967692242,15.602191661985822,19.12614836756801,8.800265320572072,2.7216655962780423
54,"Matin, Hossein Nick Zinat",17.605897652681968,1.5978453372823935,17.594227614324872,5.859001414618004,3.5023654802550888,17.63256656601633,17.685605366955066,8.786724917466296,17.71713416021253,5.876036280089313,1.1721902041693184,17.645168497078092,17.69437925424115,17.701289567890765,5.85853393735196,4.450462710448994,5.865441755116088,17.55068318088288,17.60345465241677,17.749485470154074,17.613849994607037,17.95989317235671,8.80585724814215,17.680996839854817,17.66093662322217,17.818206227308885,4.391541642573715,17.6162837514815,8.784075934587287,8.816427566763103,17.63086037862706,4.407856091129548,2.9179388899215613,5.895600336184504,17.56896641172195,8.76285485498306,17.66311549953788,1.4630588839544298,5.871067286961508,17.680996839854817,8.791822055074045,17.613849994607037,17.712883260707986,17.695044371216632,17.665817360223773,17.82339067099178,18.066213135032065,17.554073339298036,2.9455050549184825,8.841061890156045,17.60804168415972,17.758737490281433,17.633435953813134,17.629470605302657,0.11527744310527055,19.781747415494795,1.8204451457007038,17.860940788206445,9.735325894990103,9.78558719245501,16.892470677518062,4.585643093299531,5.95768111153072,27.871325116143623,7.801931421372481,19.12781954832715,8.801100910951641,43.548320721207816
55,"Panidapu, Apoorva",2.469562910264371,19.726904339539328,0.7051726158484953,19.72760987328701,19.662433030708442,19.78317219544933,19.836210996388065,9.862027732182796,19.86773978964553,19.778714469700937,19.733458691972775,19.79577412651109,19.844984883674147,19.851895197323763,4.9315518603722195,19.952456471228974,19.74693089478126,0.4104435168815808,4.938515070462442,19.900091099587073,19.764455624040036,20.11049880178971,19.7623201257173,19.831602469287816,19.81154225265517,19.968811856741883,19.71677219972786,19.7668893809145,6.572919166202524,9.891730381479602,19.781466008060058,9.891014996975596,9.829119484481183,19.83740663798651,19.719572041154947,9.838157669699559,19.81372112897088,19.707312236886157,19.76380749031752,4.957900617321954,6.578083246527029,19.764455624040036,19.863488890140985,4.961412500162408,19.816422989656772,19.97399630042478,20.216818764465064,9.852339484365515,19.823635958943893,19.832729409745088,19.758647313592718,19.909343119714432,19.784041583246132,9.890038117367828,19.781747415494795,0.10259747807505848,36.38968600461442,8.920861939403391,19.451434880580543,29.337544667965368,16.8732537681184,9.152069277199399,11.896145313661776,27.85210820674396,15.584645933345298,9.554301319463743,17.58298491250362,0.48909105406526016
56,"Ren, Yan-Xia",9.095914695158562,3.635405983805861,36.37198874227715,18.177382685903147,12.096529509742574,36.41032769396861,36.46336649490735,7.270242192576975,12.164965096054937,3.3096245425654742,3.6360614190492058,36.42292962503037,36.47214038219343,36.47905069584304,6.058893823334693,36.57961196974826,36.374086393300544,9.08211107720879,7.276243156073811,36.52724659810635,36.39161112255932,36.737654300308996,12.129825208078861,18.22937898390355,36.43869775117445,36.595967355261166,4.542990962280893,36.394044879433785,36.34591299712686,18.205308130739244,18.204310753289672,5.201312213210067,1.7278759270229354,6.077427022750967,36.34672753967423,36.3034708379184,12.146958875830054,1.3974795282848247,36.390962988836804,18.22937898390355,18.180702619050187,12.130537040853106,36.49064438866027,18.236402749584457,36.44357848817606,36.601151798944066,36.84397426298435,6.0553057445417195,12.150263819154391,36.45988490826437,36.385802812112004,36.536498618233715,36.411197081765415,18.20361586662747,1.8204451457007038,36.38968600461442,0.05540610997502744,17.7568004928944,19.36651149466816,1.6251456267807214,8.394165191103008,4.533572945643507,2.3622443855498783,27.767184820831577,3.8749306368582284,9.511839626507552,5.832687175530412,8.688836085179153
57,"Beaudry, Agnès",17.835696654826616,8.903048856125489,4.45600665411738,17.806803245998662,17.741626403420092,8.93118278408049,2.9859007281832857,17.80324883707724,17.94693316235718,17.857907842412587,17.812652064684425,17.87496749922274,4.481044564096449,5.977029523345138,17.805400814200528,18.031649843940624,8.913062133746456,17.78048218302753,2.972208942426903,5.9930948240995745,0.41496858131980663,18.18969217450136,17.84151349842895,17.910795841999466,17.89073562536682,18.048005229453533,17.79596557243951,17.84608275362615,4.449487717829806,17.862654135670855,8.930329690385854,8.93061168333142,8.868716170837008,17.91660001069816,3.5597530827733195,17.755508712110768,8.946457250841265,17.786505609597807,5.947666954343057,17.910795841999466,17.813443112292738,17.843648996751686,2.563240323264662,2.560691910480183,8.947808181184211,18.05318967313643,18.296012137176714,17.78387234144268,17.902829331655543,4.4779806956141845,8.918920343152184,17.988536492426082,0.3502595089403487,17.859269607447306,17.860940788206445,8.920861939403391,17.7568004928944,0.11377542511646253,19.46843259938419,29.354542386769015,16.890251486922047,9.169066996003048,11.913143032465426,9.289701975182536,15.601643652148947,19.125600357731134,17.599982631307267,7.2576835884353
58,"Jang, Donghoon",19.445407656600377,3.8831617428049476,9.71686880912164,1.9416514247772423,19.351337405193853,3.2453460949891233,2.789302195839068,9.706479919425501,19.55664416413094,19.467618844186347,19.422363066458185,19.484678500996502,9.766944629079779,19.540799571809174,19.41511181597429,19.641360845714384,0.8450363160550727,19.39019318480129,19.442964656335178,6.529665158024161,9.726679999262723,19.79940317627512,19.45122450020271,19.520506843773227,9.75022331357029,19.657716231227294,19.40567657421327,9.727896877699955,9.703830936546492,1.145433243379095,19.470370382545468,19.470934368436602,19.347143343447776,19.526311012471922,2.1564973795155953,19.365219713884528,1.950262550345629,19.396216611371567,0.2628744846594991,19.520506843773227,19.4231541140665,19.453359998525446,19.552393264626396,19.53455437513504,9.752663682071091,19.66290067491019,19.905723138950474,19.39358334321644,9.756270166714652,4.880408446057625,9.723775844039064,19.598247494199843,9.736472978865772,19.468980609221067,9.735325894990103,19.451434880580543,19.36651149466816,19.46843259938419,0.10425681999841413,9.7800415013376,3.375166720833166,9.154649113246832,11.89872514970921,2.53224436752649,15.587225769392731,19.111182474974918,17.58556474855105,43.53168364785559
59,"Chrontsios Garitsis, Efstathios K.",7.3328793609963006,2.2539937308776588,29.319847405628106,3.662828004394656,29.237447192578678,29.358186357319564,29.4112251582583,7.324767406558957,29.442753951515765,14.676864315785586,29.30847285384301,29.370788288381327,29.419999045544383,29.426909359194,2.9301221603359116,29.52747063309921,5.864389011330299,7.319075743046529,14.664537221860002,29.47510526145731,29.33946978591027,14.842756481829973,1.086567936577316,5.881323326231611,14.693278207262702,29.54382601861212,14.645893180799048,29.341903542784735,9.764590553492603,7.33961873120736,29.356480169930293,29.357044155821427,2.2487117792948155,29.412420799856747,29.294586203025183,29.251329501269353,29.388735290841115,1.8301453999222745,3.2598690724653063,7.351654157789513,2.9309263901451326,29.33946978591027,29.43850305201122,29.420664162519866,2.449286429293917,4.92483507704917,29.7918329263353,7.319923282650317,14.699325060407064,29.407743571615324,29.333661475462954,29.484357281584668,29.35905574511637,2.446257533050491,9.78558719245501,29.337544667965368,1.6251456267807214,29.354542386769015,9.7800415013376,0.06884279064553693,1.8683693838270148,9.094139963524132,11.83821599998651,13.897089446534347,7.763358309835016,6.35022444175074,3.5050111197656704,7.245195749688814
60,"Tumanov, Alexander",16.867226544138234,2.1047034501953243,16.855556505781138,5.612777711770093,16.77315629273171,16.893895457472595,16.946934258411332,8.41738936319443,16.978463051668797,16.889437731724204,8.422090976998021,16.90649738853436,16.955708145697415,16.96261845934703,5.612310234504048,17.06317973325224,5.6192180522681765,16.812012072339147,16.864783543873035,17.01081436161034,16.875178886063303,17.221222063812977,3.374608677548113,16.942325731311083,16.922265514678436,17.07953511876515,3.3654990923502255,16.877612642937766,16.82948076063084,2.111773003122809,16.892189270083325,16.89275325597446,2.3955660329979476,16.94812990000978,5.6100984343927385,16.787038601422385,5.641481463664715,3.363607099781885,4.218632688085197,8.471162865655542,4.211243250401089,16.875178886063303,16.974212152164252,16.956373262672898,16.92714625168004,17.084719562448047,17.32754202648833,4.203850557688575,8.46717961048358,8.471726335884178,16.869370575615985,17.0200663817377,16.8947648452694,16.890799496758923,16.892470677518062,16.8732537681184,8.394165191103008,16.890251486922047,3.375166720833166,1.8683693838270148,0.12038505714361344,9.178726364819576,11.922802401281954,13.939382647182068,15.611303020965476,6.378419908849221,0.8004382727328998,43.55576089942833
61,"Chi, Yichun",9.146042053219235,9.116443110643594,9.134372014862135,9.117148644391278,4.525985900906354,9.172710966553595,9.22574976749233,9.11359423546986,9.257278560749796,9.168253240805203,9.122997463077041,9.185312897615356,9.234523654778414,9.24143396842803,9.115746212593143,3.11399841411108,9.136469665885526,9.090827581420145,9.143599052954036,9.289629870691337,9.153994395144304,9.500037572893977,9.151858896821565,9.221141240392084,9.201081023759437,4.679175313923074,9.106310970832126,9.156428152018766,9.10829626971184,9.172999534063473,9.171004779164324,9.171568765055456,4.523888870033316,9.226945409090778,9.109110812259214,9.065854110503382,9.203259900075146,4.548425503995212,9.153346261421788,9.221141240392084,9.123788510685356,9.153994395144304,9.253027661245254,9.235188771753897,9.205961760761038,9.363535071529048,9.60635753556933,9.0942177398353,9.21317473004816,9.222268180849355,9.148186084696984,9.2988818908187,9.1735803543504,9.169615005839923,4.585643093299531,9.152069277199399,4.533572945643507,9.169066996003048,9.154649113246832,9.094139963524132,9.178726364819576,0.22358888269184424,12.048688764044725,14.002325828563455,7.868594691864123,19.261146089310436,17.73552836288657,21.84082363109555
62,"Wu, Xuan",11.890118089681613,5.930259573552986,5.939224025662257,11.861224680853656,5.898023919137543,5.958393501507986,11.969825803954707,11.857670271932237,12.001354597212174,1.1912329277267582,11.86707349953942,5.964694467038867,11.978599691240792,11.985510004890408,11.85982224905552,6.043035639397809,11.880545702347904,2.9587259044706307,3.9625583631388044,12.033705907153715,11.898070431606682,12.244113609356354,11.895934933283943,11.965217276854462,11.945157060221815,12.102426664308526,5.925193503647252,11.900504188481143,11.852372306174217,5.9585377852629255,11.915080815626702,5.957822400758917,3.93061792550967,11.971021445553156,3.951062282907197,11.80993014696576,5.973667968268762,2.9602317611132003,11.897422297884166,11.965217276854462,11.867864547147734,5.949035215803341,11.997103697707631,5.9896324041081375,11.950037797223416,12.107611107991426,12.350433572031708,11.838293776297677,11.957250766510537,5.983172108655866,11.892262121159362,12.042957927281078,11.917656390812779,11.9136910423023,5.95768111153072,11.896145313661776,2.3622443855498783,11.913143032465426,11.89872514970921,11.83821599998651,11.922802401281954,12.048688764044725,0.17149388004133667,27.945917991610457,15.678455718211795,19.202412423793984,17.676794697370116,14.54097119889155
63,"Hodges, Reuven",27.846080982763795,2.5287710945625594,13.91720547220335,27.81718757393584,1.8501340487571514,6.968187474024539,27.925788697036893,5.5627266330028835,27.957317490294358,9.289430723449922,6.955759098155401,5.577070365431984,3.491820323040372,6.985368224493148,27.815785142137706,28.042034171877802,13.918254297715045,13.895433255482354,6.960909495624649,4.664944800039317,13.927016662344432,14.100038251219269,27.851897826366127,13.960590084968322,9.300373317767999,28.05838955739071,27.806349900376688,13.928233540781664,9.2694450664188,27.873038463608033,4.645173951451481,27.87160769460002,6.936954167402798,27.92698433863534,5.561829948360755,5.553178608009589,6.975824707404927,27.796889937534985,5.57067703819327,27.921180169936644,27.823827440229916,13.927016662344432,13.976533295394907,27.93522770129846,27.9060006903056,28.063574001073608,28.30639646511389,27.794256669379863,27.91321365959272,4.65371785173232,5.5696450028483095,27.99892082036326,13.93680964194748,13.934826967692242,27.871325116143623,27.85210820674396,27.767184820831577,9.289701975182536,2.53224436752649,13.897089446534347,13.939382647182068,14.002325828563455,27.945917991610457,0.07254756204445957,15.53368406884934,19.05764077443153,8.766011524003831,21.739070973656098
64,"Lucia, Angelo",7.789309354682567,7.774509883394747,15.566948671008035,15.549725300537178,7.742274228979304,15.605287622699494,15.65832642363823,7.7730854458078795,15.689855216895696,15.600829896951103,15.55557411922294,7.808944776880628,15.667100310924313,15.67401062457393,7.774161434369521,15.77457189847914,15.569046322031426,15.523404237566044,15.576175709099935,15.722206526837237,15.586571051290203,15.932614229039876,15.584435552967465,15.653717896537984,15.633657679905337,15.790927283992048,15.538887626978026,15.589004808164665,15.54087292585774,15.605576190209373,15.603581435310224,7.802072710600678,1.5480354396212532,15.659522065236677,15.541687468405113,15.498430766649282,15.635836556221046,7.7647138320681615,15.585922917567688,15.653717896537984,15.556365166831256,15.586571051290203,15.685604317391153,15.667765427899797,15.638538416906938,15.796111727674948,16.03893419171523,5.175598131993733,7.822875693097029,15.654844836995254,15.580762740842884,15.7314585469646,15.6061570104963,15.602191661985822,7.801931421372481,15.584645933345298,3.8749306368582284,15.601643652148947,15.587225769392731,7.763358309835016,15.611303020965476,7.868594691864123,15.678455718211795,15.53368406884934,0.1304644232690064,9.574746410309132,8.811937547097198,14.52333133116631
65,"Erdoğan, M. B.",9.55128770747366,9.536488236185841,19.090905376590225,19.073682006119366,19.008505163540796,19.129244328281683,19.18228312922042,2.1189030663553274,19.213811922477884,19.12478660253329,3.8159061649610257,19.141846259343446,19.1910570165065,19.197967330156118,0.09780656191959607,19.298528604061328,19.093003027613616,6.349120314382745,19.100132414682122,19.246163232419427,19.11052775687239,19.456570934622064,9.554196129274827,9.588837301060085,19.157614385487523,19.314883989574238,1.1914277707850134,19.112961513746853,19.064829631439927,19.12953289579156,19.127538140892412,0.6170355524768886,3.800862220358944,2.740496967259838,19.0656441739873,19.022387472231472,19.159793261803234,3.175564061619752,19.109879623149876,1.4752057386246284,9.540160936206721,19.11052775687239,19.20956102297334,19.191722133481985,19.162495122489126,19.320068433257134,19.562890897297418,9.525375550781693,9.584854045888124,19.178801542577443,19.104719446425072,19.255415252546786,19.130113716078487,19.12614836756801,19.12781954832715,9.554301319463743,9.511839626507552,19.125600357731134,19.111182474974918,6.35022444175074,6.378419908849221,19.261146089310436,19.202412423793984,19.05764077443153,9.574746410309132,0.106148554960768,0.4090344412824322,10.88364996861228
66,"Wayne, C. E.",8.788478844261727,0.43868396864869535,17.565287650166358,8.77403213984775,17.48288743711693,17.603626601857815,17.656665402796552,1.5949554427976436,17.688194196054017,17.599168876109424,1.9504347887090292,17.61622853291958,17.665439290082634,17.67234960373225,0.29740104826944685,17.77291087763746,5.855795100396583,8.760871608362184,17.574514688258255,17.72054550599556,17.584910030448523,17.930953208198197,5.860924844041929,17.652056875696303,0.6530369132986539,17.78926626315037,1.3490174312412575,17.587343787322986,8.76960595250803,17.603915169367692,17.601920414468545,4.40062110008992,8.739346687685426,2.522551577770714,17.540026447563434,17.496769745807605,17.634175535379367,5.842588881098215,17.58426189672601,2.942009479282717,17.554704145989575,17.584910030448523,17.683943296549472,17.666104407058118,17.63687739606526,17.794450706833267,18.03727317087355,17.525133375139518,8.82204518267619,17.653183816153575,17.579101720001205,17.72979752612292,17.60449598965462,8.800265320572072,8.801100910951641,17.58298491250362,5.832687175530412,17.599982631307267,17.58556474855105,3.5050111197656704,0.8004382727328998,17.73552836288657,17.676794697370116,8.766011524003831,8.811937547097198,0.4090344412824322,0.1154694080376727,14.51620109988807
67,"Basak, Debmalya",0.21981351812034336,7.248912940875392,0.596046665061245,10.873545794750008,4.825445148491273,21.774872750581174,43.602784302101085,6.212946967154088,43.63431309535855,43.545287775413954,14.500010665895266,43.56234743222411,14.537186063129056,10.904617125759195,6.213254392457414,43.719029776941994,43.51350420049428,0.22177480671443314,4.8356259541736435,14.555554801766696,10.882757232438264,43.877072107502734,14.509631143810106,43.59817577500084,43.57811555836819,43.735385162454904,14.494448501813627,21.76673134331376,4.831703422702288,21.775017034336113,21.77401965688654,21.774301649832104,3.101772305333956,43.603979943699535,21.743072673433982,43.442888645112134,21.79014721734195,3.9521714129635614,43.53038079603054,5.449771971875105,8.700164609058822,21.765514464876528,43.63006219585401,7.2687038843937755,43.582996295369796,43.740569606137804,43.983392070178084,10.867813068611014,21.795104632328457,14.533100905152702,10.881305154826435,43.67591642542745,14.516871629653052,2.7216655962780423,43.548320721207816,0.48909105406526016,8.688836085179153,7.2576835884353,43.53168364785559,7.245195749688814,43.55576089942833,21.84082363109555,14.54097119889155,21.739070973656098,14.52333133116631,10.88364996861228,14.51620109988807,0.046262093577019915
